{
    "nose": {
        "avg_diff_x": 0.056900973726672334,
        "avg_diff_y": 0.026663051465307907
    },
    "right_eye": {
        "avg_diff_x": 0.06062217960763049,
        "avg_diff_y": 0.025384179252902976
    },
    "right_ear": {
        "avg_diff_x": 0.05953879378192811,
        "avg_diff_y": 0.020112502308728266
    }
}