{
    "right_eye": {
        "avg_diff_x": 0.06019356843655705,
        "avg_diff_y": -0.054507531060112836
    }
}