{
    "nose": {
        "avg_diff_x": -0.08700338589916302,
        "avg_diff_y": -0.17585647658052655
    },
    "right_eye": {
        "avg_diff_x": -0.09852006529261813,
        "avg_diff_y": -0.141900397535050225
    },
    "right_ear": {
        "avg_diff_x": -0.05082369657401322,
        "avg_diff_y": 0.037018573701493536
    }
}