{
    "right_elbow": {
        "avg_diff_x": -0.36543808624227211,
        "avg_diff_y": 0.044792756782006965
    }
}