{
    "nose": {
        "avg_diff_x": -0.02520300446363984,
        "avg_diff_y": 0.005287099767614292
    },
    "right_eye": {
        "avg_diff_x": -0.02426084286321408,
        "avg_diff_y": 0.0016828496620137892
    },
    "right_ear": {
        "avg_diff_x": -0.027438181922549276,
        "avg_diff_y": -0.008654968826859085
    }
}